{
    "openapi": "3.0.1",
    "info": {
        "title": "Information Management system",
        "description": "API Documentation for the system",
        "contact": {
            "name": "Mike Nzabera",
            "email": "nzaberamikepeter@gmail.com"
        },
        "version": "1.0.0",
        "license": {
            "name": "MIT",
            "url": "https://opensource.org/licenses/MIT"
        }
    },
    "security": [
        {
           "bearerAuth": []
        }
    ],
    "servers": [
        {
            "url": "http://localhost:8000/api/v1"
        }
    ],
    "paths": {
        "/auth/login": {
            "post": {
                "summary": "Log in as user",
                "tags": [
                    "Auth"
                ],
                "requestBody": {
                    "required": true,
                    "content": {
                        "application/json": {
                            "schema": {
                                "type": "object",
                                "properties": {
                                    "email": {
                                        "type": "string"
                                    },
                                    "password": {
                                        "type": "string"
                                    }
                                },
                                "required": [
                                    "email",
                                    "password"
                                ]
                            }
                        }
                    }
                },
                "responses": {
                    "200": {
                        "description": "Login Successful",
                        "content": {
                            "application/json" : {
                                "schema": {
                                    "$ref": "#/components/schemas/AuthResponse"
                                }
                            }
                        }
                    },
                    "401": {
                        "description": "Unauthorized"
                    },
                    "404": {
                        "description": "User not found"
                    }
                }
            }
        },
        "/auth/register": {
            "post": {
                "summary": "Register new User",
                "tags": [
                    "Auth"
                ],
                "requestBody": {
                    "required": true,
                    "content": {
                        "application/json": {
                            "schema": {
                                "$ref": "#/components/schemas/Users"
                            }
                        }
                    }
                },

                "responses": {
                    "201": {
                        "description": "User created Successfully",
                        "content": {
                            "application/json": {
                                "schema": {
                                    "$ref": "#/components/schemas/UserResponse"
                                }
                            }
                        }
                    },

                    "400": {
                        "description": "Bad Request"
                    }
                }
            }
        }
    },
    "components": {
        "securitySchemes": {
            "bearerAuth": {
                "type": "http",
                "scheme": "bearer",
                "bearerFormat": "JWT",
                "in": "header"
            }
        },
        "schemas": {
            "Users": {
                "type": "object",
                "properties": {
                    "firstName" : {
                        "type": "string"
                    },
                    "lastName": {
                        "type": "string"
                    },
                    "email": {
                        "type": "string"
                    },
                    "password": {
                        "type": "string"
                    }
                }
            },
            "UserResponse": {
                "type": "object",
                "properties": {
                    "id": {
                        "type":"string"
                    },
                    "firstName": {
                        "type": "string"
                    },
                    "lastName": {
                        "type": "string"
                    },
                    "email" : {
                        "type": "string"
                    }
                }
            },
            "AuthResponse": {
                "type": "object",
                "properties": {
                    "accessToken": {
                        "type": "string"
                    },
                    "tokenType": {
                        "type": "string"
                    }
                }
            }
        }
    }
}